location,date,month,actual_mean_temp,actual_min_temp,actual_max_temp,average_min_temp,average_max_temp,record_min_temp,record_max_temp,record_min_temp_year,record_max_temp_year,actual_precipitation,average_precipitation,record_precipitation
NYC,7/1/2014,Jul,81,72,89,68,83,52,100,1943,1901,0,0.12,2.17
NYC,7/2/2014,Jul,82,72,91,68,83,56,100,2001,1966,0.96,0.13,1.79
NYC,7/3/2014,Jul,78,69,87,68,83,54,103,1933,1966,1.78,0.12,2.8
NYC,7/4/2014,Jul,70,65,74,68,84,55,102,1986,1949,0.14,0.13,1.76
NYC,7/5/2014,Jul,72,63,81,68,84,53,101,1979,1999,0,0.12,3.07
NYC,7/6/2014,Jul,75,66,84,68,84,54,103,1979,2010,0,0.13,1.97
NYC,7/7/2014,Jul,81,72,90,68,84,56,100,1914,2010,0.04,0.13,3.13
NYC,7/8/2014,Jul,81,71,91,69,84,56,100,1894,1993,0.39,0.14,1.8
NYC,7/9/2014,Jul,80,71,88,69,84,54,106,1963,1936,0.09,0.14,1.09
NYC,7/10/2014,Jul,78,72,83,69,84,55,102,1890,1993,0,0.15,1.79
NYC,7/11/2014,Jul,79,71,86,69,84,57,98,1898,1988,0,0.15,1.94
NYC,7/12/2014,Jul,78,71,85,69,84,57,99,1926,1966,0,0.15,2.68
NYC,7/13/2014,Jul,78,72,83,69,84,54,101,1888,1966,0.03,0.17,3.16
NYC,7/14/2014,Jul,78,72,84,69,84,58,100,1926,1954,0.46,0.16,1.6
NYC,7/15/2014,Jul,79,72,86,69,84,57,102,1930,1995,1.3,0.15,2.33
NYC,7/16/2014,Jul,75,68,81,69,84,56,99,1946,1980,0,0.16,1.38
NYC,7/17/2014,Jul,74,67,81,69,84,57,100,1892,1953,0,0.15,3.13
NYC,7/18/2014,Jul,73,64,81,69,84,57,101,1925,1953,0,0.15,1.76
NYC,7/19/2014,Jul,72,68,76,69,84,57,102,1924,1977,0,0.16,1.82
NYC,7/20/2014,Jul,72,66,78,69,84,55,101,1890,1980,0,0.15,1.97
NYC,7/21/2014,Jul,76,67,85,69,84,55,104,1890,1977,0,0.15,2.26
NYC,7/22/2014,Jul,79,71,86,69,84,55,104,1873,2011,0,0.14,1.86
NYC,7/23/2014,Jul,80,72,88,69,84,58,100,1890,2011,0.19,0.15,2.41
NYC,7/24/2014,Jul,75,70,80,69,84,56,97,1893,1999,0,0.15,3.75
NYC,7/25/2014,Jul,74,66,82,69,84,57,97,1953,1999,0,0.15,1.64
NYC,7/26/2014,Jul,75,69,81,69,84,55,98,1920,1940,0,0.16,3.8
NYC,7/27/2014,Jul,78,71,85,69,84,55,98,1920,1963,0.02,0.16,2.65
NYC,7/28/2014,Jul,75,68,82,69,84,57,97,1903,1999,0.19,0.17,3.11
NYC,7/29/2014,Jul,70,64,76,69,84,59,99,1914,1949,0,0.17,3.47
NYC,7/30/2014,Jul,72,63,80,69,84,57,98,1956,1988,0,0.17,3.56
NYC,7/31/2014,Jul,75,68,82,69,84,57,102,1914,1933,0,0.17,2.29
NYC,8/1/2014,Aug,78,71,84,69,84,59,100,1964,1933,0,0.16,2.85
NYC,8/2/2014,Aug,69,63,74,69,84,58,100,1924,1955,0.41,0.16,2.49
NYC,8/3/2014,Aug,71,66,76,69,84,55,97,1927,2005,0.07,0.17,2.71
NYC,8/4/2014,Aug,77,70,84,69,84,56,100,1886,1944,0,0.16,3.25
NYC,8/5/2014,Aug,81,71,90,69,84,56,101,1951,1944,0,0.16,1.44
NYC,8/6/2014,Aug,77,70,83,69,84,57,97,1994,1955,0,0.16,3.31
NYC,8/7/2014,Aug,75,66,83,69,84,57,104,1994,1918,0,0.15,2.18
NYC,8/8/2014,Aug,74,65,83,69,84,54,99,1903,2001,0,0.15,2.6
NYC,8/9/2014,Aug,77,66,87,69,84,57,103,1989,2001,0,0.15,4.1
NYC,8/10/2014,Aug,78,68,88,69,83,55,98,1879,1949,0,0.14,4.64
NYC,8/11/2014,Aug,79,71,87,69,83,56,102,1962,1944,0,0.14,2.39
NYC,8/12/2014,Aug,75,70,79,68,83,55,97,1889,1944,0.19,0.14,3.62
NYC,8/13/2014,Aug,75,68,82,68,83,55,99,1930,2005,0.53,0.14,2.7
NYC,8/14/2014,Aug,70,63,77,68,83,54,99,1964,1988,0,0.15,5.81
NYC,8/15/2014,Aug,67,61,73,68,83,54,97,1964,1988,0,0.14,1.52
NYC,8/16/2014,Aug,71,63,78,68,83,55,96,1880,1944,0,0.15,4.8
NYC,8/17/2014,Aug,74,66,82,68,83,56,95,1979,1944,0.01,0.14,2.86
NYC,8/18/2014,Aug,72,63,81,68,83,55,94,1915,2002,0,0.14,3.95
NYC,8/19/2014,Aug,73,63,83,68,83,55,94,1924,2002,0,0.15,2.53
NYC,8/20/2014,Aug,77,70,84,68,82,55,97,1949,1955,0,0.14,3.63
NYC,8/21/2014,Aug,74,65,83,68,82,53,96,1922,1955,0.35,0.15,4.19
NYC,8/22/2014,Aug,72,65,79,67,82,52,95,1895,1916,0.06,0.14,1.85
NYC,8/23/2014,Aug,72,67,77,67,82,51,92,1923,1916,0.01,0.14,3.03
NYC,8/24/2014,Aug,72,64,80,67,82,52,94,1890,1972,0,0.14,3.61
NYC,8/25/2014,Aug,76,64,88,67,82,52,95,1940,1948,0,0.14,1.86
NYC,8/26/2014,Aug,80,70,89,67,81,53,103,1887,1948,0,0.12,3.24
NYC,8/27/2014,Aug,80,70,90,67,81,50,101,1885,1948,0,0.13,4.16
NYC,8/28/2014,Aug,74,66,82,66,81,50,100,1885,1948,0,0.13,3.99
NYC,8/29/2014,Aug,71,61,80,66,81,50,99,1986,1953,0,0.12,2.68
NYC,8/30/2014,Aug,73,65,80,66,81,50,98,1965,1973,0,0.12,2.3
NYC,8/31/2014,Aug,82,73,90,66,80,50,100,1976,1953,0.62,0.12,3.76
NYC,9/1/2014,Sep,82,75,88,66,80,51,97,1872,1953,0,0.13,3.84
NYC,9/2/2014,Sep,85,77,92,65,80,51,102,1886,1953,0,0.13,2.12
NYC,9/3/2014,Sep,79,72,86,65,80,50,99,1893,1929,0,0.13,3.32
NYC,9/4/2014,Sep,78,69,87,65,79,47,97,1883,1929,0,0.14,3.48
NYC,9/5/2014,Sep,80,72,87,64,79,51,94,1963,1985,0,0.13,2.45
NYC,9/6/2014,Sep,79,67,91,64,79,48,97,1924,1881,0.11,0.13,3.26
NYC,9/7/2014,Sep,73,65,81,64,78,46,101,1888,1881,0,0.14,2.07
NYC,9/8/2014,Sep,70,65,75,64,78,54,93,1955,1919,0,0.13,4.86
NYC,9/9/2014,Sep,68,63,73,63,78,48,94,1883,1915,0,0.13,0.86
NYC,9/10/2014,Sep,72,63,80,63,77,43,97,1883,1983,0,0.13,1.38
NYC,9/11/2014,Sep,76,69,83,63,77,43,99,1917,1983,0,0.13,2.9
NYC,9/12/2014,Sep,70,62,78,62,77,46,94,1917,1961,0,0.14,2.35
NYC,9/13/2014,Sep,64,58,69,62,76,46,94,1963,1952,0.26,0.14,3.94
NYC,9/14/2014,Sep,62,53,71,62,76,46,93,1975,1931,0,0.14,3.82
NYC,9/15/2014,Sep,63,55,71,61,76,45,92,1913,1927,0,0.15,4.16
NYC,9/16/2014,Sep,64,58,70,61,75,47,93,1966,1915,0.37,0.15,5.02
NYC,9/17/2014,Sep,64,55,73,61,75,45,93,1986,1991,0,0.15,3.37
NYC,9/18/2014,Sep,67,57,76,60,75,44,91,1990,1891,0,0.15,3.92
NYC,9/19/2014,Sep,60,54,66,60,74,44,94,1929,1983,0,0.15,4.3
NYC,9/20/2014,Sep,66,57,75,59,74,44,93,1993,1983,0,0.15,2.32
NYC,9/21/2014,Sep,71,67,75,59,73,40,95,1871,1895,0.15,0.15,5.54
NYC,9/22/2014,Sep,63,55,71,59,73,41,95,1904,1914,0,0.15,2.34
NYC,9/23/2014,Sep,62,52,71,58,73,41,97,1947,1895,0,0.14,8.28
NYC,9/24/2014,Sep,65,58,71,58,72,40,89,1963,1959,0,0.15,2.26
NYC,9/25/2014,Sep,61,57,64,57,72,40,90,1887,1970,0.32,0.14,2.36
NYC,9/26/2014,Sep,68,58,77,57,71,42,91,1940,1970,0,0.15,2.34
NYC,9/27/2014,Sep,72,60,83,57,71,41,90,1957,1933,0,0.15,3.13
NYC,9/28/2014,Sep,74,64,84,56,70,41,88,1947,1881,0,0.16,3.84
NYC,9/29/2014,Sep,73,67,79,56,70,42,88,1942,1945,0,0.16,2.18
NYC,9/30/2014,Sep,67,62,71,55,70,39,89,1912,1986,0,0.16,2.64
NYC,10/1/2014,Oct,63,61,65,55,69,36,88,1947,1927,0.02,0.15,4.98
NYC,10/2/2014,Oct,66,61,70,55,69,39,90,1886,1927,0,0.14,2.16
NYC,10/3/2014,Oct,64,56,71,54,68,38,87,1974,1919,0,0.14,1.55
NYC,10/4/2014,Oct,61,52,69,54,68,37,88,1888,1941,1.18,0.13,4.05
NYC,10/5/2014,Oct,54,46,61,54,68,35,94,1881,1941,0,0.15,1.99
NYC,10/6/2014,Oct,60,50,69,53,67,36,90,1881,1941,0,0.14,2.39
NYC,10/7/2014,Oct,67,63,71,53,67,39,88,1999,1944,0.06,0.15,4.09
NYC,10/8/2014,Oct,68,62,73,52,67,37,87,1988,2007,0.04,0.14,4.3
NYC,10/9/2014,Oct,62,55,68,52,66,37,86,2000,1916,0,0.15,7.33
NYC,10/10/2014,Oct,58,52,64,52,66,35,91,1888,1939,0,0.16,2.16
NYC,10/11/2014,Oct,55,50,60,51,65,34,85,1964,1949,0.33,0.15,3.06
NYC,10/12/2014,Oct,56,48,63,51,65,35,86,1876,1954,0,0.14,4.26
NYC,10/13/2014,Oct,59,52,65,51,65,33,87,1875,1954,0.05,0.14,2.75
NYC,10/14/2014,Oct,70,63,76,50,64,37,84,1988,1920,0,0.15,1.76
NYC,10/15/2014,Oct,73,69,77,50,64,32,84,1876,1956,0.69,0.14,1.7
NYC,10/16/2014,Oct,66,61,71,50,64,34,87,1876,1897,1.11,0.14,2.15
NYC,10/17/2014,Oct,65,59,71,50,63,33,90,1886,1938,0,0.14,2.28
NYC,10/18/2014,Oct,63,56,70,49,63,35,82,1974,1928,0,0.14,2.45
NYC,10/19/2014,Oct,50,44,56,49,63,30,83,1940,1963,0,0.14,4.35
NYC,10/20/2014,Oct,51,42,60,49,62,31,80,1974,1969,0,0.14,2.78
NYC,10/21/2014,Oct,61,55,67,48,62,32,84,1974,1920,0.11,0.14,2.17
NYC,10/22/2014,Oct,54,50,58,48,62,30,88,1940,1979,1.51,0.15,1.51
NYC,10/23/2014,Oct,52,50,53,48,61,32,85,1969,1947,0.61,0.14,2.97
NYC,10/24/2014,Oct,57,51,63,48,61,31,79,1969,2001,0,0.14,2.51
NYC,10/25/2014,Oct,59,50,67,47,61,29,79,1879,1963,0.01,0.15,3.3
NYC,10/26/2014,Oct,58,53,63,47,61,30,78,1879,1964,0,0.13,3.4
NYC,10/27/2014,Oct,56,48,63,47,60,28,82,1936,1963,0,0.14,1.88
NYC,10/28/2014,Oct,63,53,72,47,60,29,83,1976,1919,0,0.13,2.49
NYC,10/29/2014,Oct,62,51,72,46,60,31,78,1925,1971,0,0.14,3.67
NYC,10/30/2014,Oct,53,47,59,46,59,31,82,1925,1961,0,0.13,1.64
NYC,10/31/2014,Oct,50,45,55,46,59,29,81,1925,1946,0.05,0.14,2.41
NYC,11/1/2014,Nov,45,42,47,46,59,30,84,1885,1950,0.35,0.14,1.69
NYC,11/2/2014,Nov,45,41,48,45,58,30,83,1887,1950,0,0.14,1.7
NYC,11/3/2014,Nov,50,39,61,45,58,28,79,1875,2003,0,0.13,2.6
NYC,11/4/2014,Nov,61,53,68,45,58,25,78,1879,1975,0,0.13,1.44
NYC,11/5/2014,Nov,60,56,64,45,57,23,78,1879,1961,0,0.13,1.94
NYC,11/6/2014,Nov,53,48,57,44,57,27,74,1879,1948,0.37,0.14,1.47
NYC,11/7/2014,Nov,47,40,53,44,57,29,78,1930,1938,0,0.13,2.96
NYC,11/8/2014,Nov,42,36,48,44,57,29,76,1886,1975,0,0.12,7.4
NYC,11/9/2014,Nov,52,46,57,44,56,24,75,1976,1975,0,0.13,3.65
NYC,11/10/2014,Nov,53,44,61,43,56,27,73,1914,1985,0,0.13,1.7
NYC,11/11/2014,Nov,57,49,64,43,56,28,74,1933,1949,0,0.12,1.41
NYC,11/12/2014,Nov,56,47,65,43,55,26,76,1926,1879,0,0.12,2.39
NYC,11/13/2014,Nov,42,36,48,43,55,22,73,1873,1931,0.2,0.13,2.06
NYC,11/14/2014,Nov,39,35,42,42,55,20,72,1905,1993,0.06,0.13,2.23
NYC,11/15/2014,Nov,38,33,42,42,54,20,80,1967,1993,0,0.13,2.43
NYC,11/16/2014,Nov,40,35,45,42,54,17,72,1933,1928,0.03,0.13,2.39
NYC,11/17/2014,Nov,46,40,52,41,53,19,71,1933,1953,1.54,0.14,1.54
NYC,11/18/2014,Nov,35,24,45,41,53,18,73,1936,1928,0,0.14,1.24
NYC,11/19/2014,Nov,29,22,36,41,53,18,72,1936,1921,0,0.14,1.95
NYC,11/20/2014,Nov,38,31,45,40,52,20,77,1873,1985,0,0.13,3.37
NYC,11/21/2014,Nov,33,28,37,40,52,16,74,1879,1900,0,0.14,1.33
NYC,11/22/2014,Nov,36,28,44,40,52,13,72,1880,1931,0,0.14,2.03
NYC,11/23/2014,Nov,50,43,57,40,51,14,72,1880,1931,0,0.14,1.84
NYC,11/24/2014,Nov,61,53,69,39,51,14,73,1880,1979,0.7,0.14,1.95
NYC,11/25/2014,Nov,60,51,68,39,50,19,73,1938,1979,0,0.13,1.36
NYC,11/26/2014,Nov,43,34,51,39,50,16,67,1938,1946,1.24,0.14,1.91
NYC,11/27/2014,Nov,36,34,38,38,50,12,72,1932,1896,0.02,0.13,2.15
NYC,11/28/2014,Nov,33,29,37,38,49,15,70,1930,2011,0,0.14,2.14
NYC,11/29/2014,Nov,36,27,45,38,49,15,69,1872,1990,0,0.14,2.01
NYC,11/30/2014,Nov,50,45,55,37,49,7,70,1875,1991,0,0.15,1.11
NYC,12/1/2014,Dec,54,42,65,37,48,9,70,1875,2006,0.09,0.14,1.72
NYC,12/2/2014,Dec,39,35,43,37,48,12,66,1875,1970,0.08,0.14,2.16
NYC,12/3/2014,Dec,44,41,46,36,47,9,69,1976,1998,0.06,0.15,1.63
NYC,12/4/2014,Dec,41,37,45,36,47,10,74,1882,1998,0,0.14,1.84
NYC,12/5/2014,Dec,39,34,44,35,47,11,70,1926,2001,0.51,0.14,1.28
NYC,12/6/2014,Dec,45,39,50,35,46,11,71,1871,2001,1.22,0.13,1.6
NYC,12/7/2014,Dec,36,30,42,35,46,10,75,1926,1998,0.04,0.14,1.98
NYC,12/8/2014,Dec,31,24,37,34,45,10,65,1882,1927,0,0.14,1.54
NYC,12/9/2014,Dec,39,36,42,34,45,7,66,1876,1966,2.54,0.13,2.54
NYC,12/10/2014,Dec,36,32,40,34,45,3,70,1876,1946,0.08,0.14,1.62
NYC,12/11/2014,Dec,35,31,38,33,44,6,64,1880,1879,0.01,0.14,2.41
NYC,12/12/2014,Dec,35,32,38,33,44,5,68,1988,1931,0,0.13,1.6
NYC,12/13/2014,Dec,39,34,44,33,44,8,64,1960,1923,0,0.13,3.03
NYC,12/14/2014,Dec,42,38,46,32,43,12,67,1976,1881,0,0.13,2.22
NYC,12/15/2014,Dec,43,37,48,32,43,6,67,1874,2008,0,0.13,1.34
NYC,12/16/2014,Dec,44,38,49,32,43,7,63,1876,1971,0.2,0.12,2.25
NYC,12/17/2014,Dec,48,42,54,32,42,1,62,1919,2000,0.02,0.13,2.28
NYC,12/18/2014,Dec,40,37,42,31,42,-1,63,1919,1984,0,0.12,1.3
NYC,12/19/2014,Dec,35,31,38,31,42,-1,58,1884,1931,0,0.12,1.58
NYC,12/20/2014,Dec,32,30,33,31,42,-4,60,1942,2002,0,0.12,1.82
NYC,12/21/2014,Dec,34,31,36,30,41,-1,65,1942,2013,0,0.13,2.49
NYC,12/22/2014,Dec,40,35,44,30,41,2,71,1872,2013,0.04,0.12,2.18
NYC,12/23/2014,Dec,45,43,46,30,41,-1,66,1883,1990,0.16,0.13,1.61
NYC,12/24/2014,Dec,51,44,58,30,41,6,63,1983,1996,0.8,0.13,1.42
NYC,12/25/2014,Dec,53,44,62,29,40,-1,64,1980,1982,0.09,0.13,1.3
NYC,12/26/2014,Dec,45,40,50,29,40,3,63,1914,1982,0,0.12,1.66
NYC,12/27/2014,Dec,50,44,55,29,40,6,63,1872,1949,0,0.12,2.14
NYC,12/28/2014,Dec,49,43,54,29,40,8,65,1917,1982,0.1,0.12,1.35
NYC,12/29/2014,Dec,39,34,44,28,39,-6,70,1917,1984,0,0.11,2.52
NYC,12/30/2014,Dec,31,28,34,28,39,-13,65,1917,1984,0,0.12,1.69
NYC,12/31/2014,Dec,30,27,32,28,39,-7,63,1917,1965,0,0.11,2.31
NYC,1/1/2015,Jan,33,27,39,28,39,-4,62,1918,1966,0,0.12,2.05
NYC,1/2/2015,Jan,39,35,42,28,39,2,68,1918,1876,0,0.12,1.92
NYC,1/3/2015,Jan,38,33,42,28,39,-4,64,1879,2000,0.71,0.12,2.42
NYC,1/4/2015,Jan,49,41,56,27,39,-3,66,1918,1950,0.3,0.12,2.73
NYC,1/5/2015,Jan,35,21,49,27,38,-4,64,1904,1993,0,0.12,1.5
NYC,1/6/2015,Jan,21,19,22,27,38,-2,72,1896,2007,0.05,0.13,1.65
NYC,1/7/2015,Jan,16,9,23,27,38,4,64,2014,1907,0,0.12,2.67
NYC,1/8/2015,Jan,15,8,21,27,38,2,65,1968,1998,0,0.11,1.25
NYC,1/9/2015,Jan,26,19,33,27,38,-1,64,1968,1937,0.07,0.13,1.42
NYC,1/10/2015,Jan,20,16,23,27,38,-6,60,1875,1876,0,0.12,1.72
NYC,1/11/2015,Jan,28,18,37,27,38,3,63,1968,1975,0,0.12,1.46
NYC,1/12/2015,Jan,37,35,39,27,38,2,64,1981,1890,0.36,0.13,2.35
NYC,1/13/2015,Jan,27,17,36,27,38,-3,68,1914,1932,0,0.12,1.44
NYC,1/14/2015,Jan,24,16,32,27,38,-5,70,1914,1932,0,0.12,2.06
NYC,1/15/2015,Jan,30,25,35,27,38,0,67,1957,1932,0,0.13,1.27
NYC,1/16/2015,Jan,32,20,43,27,38,1,58,2004,1995,0,0.12,1.44
NYC,1/17/2015,Jan,25,17,32,27,38,-2,63,1977,1990,0,0.12,1.36
NYC,1/18/2015,Jan,37,31,42,27,38,0,66,1982,1990,2.1,0.11,2.1
NYC,1/19/2015,Jan,39,36,42,27,38,-3,64,1875,1951,0,0.12,2.39
NYC,1/20/2015,Jan,36,32,40,27,38,0,61,1994,2006,0,0.11,1.41
NYC,1/21/2015,Jan,31,25,36,27,38,-2,63,1985,2006,0,0.12,3.45
NYC,1/22/2015,Jan,36,31,40,27,38,0,61,1888,1959,0,0.12,1.7
NYC,1/23/2015,Jan,34,28,39,27,38,-3,62,1936,1906,0,0.11,2.55
NYC,1/24/2015,Jan,36,33,39,27,38,-6,68,1882,1967,0.72,0.11,2.18
NYC,1/25/2015,Jan,37,31,42,27,38,2,60,1945,1967,0,0.11,1.8
NYC,1/26/2015,Jan,27,22,31,27,39,3,72,1927,1950,0.48,0.11,2.19
NYC,1/27/2015,Jan,25,20,30,27,39,-1,69,1927,1916,0.36,0.11,1.94
NYC,1/28/2015,Jan,25,16,34,27,39,-2,66,1925,1916,0,0.11,1.87
NYC,1/29/2015,Jan,28,19,36,27,39,0,69,1873,2002,0.02,0.11,1.03
NYC,1/30/2015,Jan,29,19,38,27,39,2,64,1873,2006,0.06,0.11,1.19
NYC,1/31/2015,Jan,20,13,26,27,39,-1,63,1920,1947,0,0.12,1.51
NYC,2/1/2015,Feb,28,20,36,27,39,-2,67,1920,1989,0.03,0.11,2.12
NYC,2/2/2015,Feb,24,14,34,27,39,-3,59,1881,1988,1.02,0.11,2.98
NYC,2/3/2015,Feb,20,13,26,27,39,0,64,1955,1991,0,0.11,1.55
NYC,2/4/2015,Feb,34,24,43,28,40,0,68,1918,1991,0,0.1,2.1
NYC,2/5/2015,Feb,28,14,42,28,40,-6,70,1918,1991,0,0.11,1.43
NYC,2/6/2015,Feb,20,12,27,28,40,-4,68,1895,2008,0,0.11,2.74
NYC,2/7/2015,Feb,33,25,40,28,40,1,54,1910,1938,0.02,0.11,2.96
NYC,2/8/2015,Feb,33,29,37,28,40,-7,61,1934,1965,0,0.11,1.15
NYC,2/9/2015,Feb,27,25,29,28,40,-15,63,1934,1990,0.09,0.1,1.74
NYC,2/10/2015,Feb,33,26,40,28,41,-6,61,1899,2001,0.01,0.11,2.63
NYC,2/11/2015,Feb,28,22,34,28,41,-2,65,1899,1960,0,0.1,2.74
NYC,2/12/2015,Feb,28,16,40,28,41,-3,62,1914,1999,0,0.11,1.66
NYC,2/13/2015,Feb,15,8,21,29,41,-1,64,1914,1951,0,0.1,2.42
NYC,2/14/2015,Feb,24,16,32,29,41,2,63,1916,1946,0.02,0.11,1.59
NYC,2/15/2015,Feb,15,4,25,29,42,-8,73,1943,1949,0,0.1,1.73
NYC,2/16/2015,Feb,12,3,21,29,42,1,71,1888,1954,0,0.12,1.4
NYC,2/17/2015,Feb,21,14,27,29,42,-5,67,1896,1976,0.14,0.11,1.49
NYC,2/18/2015,Feb,26,19,33,29,42,0,68,1979,1981,0,0.11,1.5
NYC,2/19/2015,Feb,18,8,27,30,42,1,66,1936,1997,0,0.11,2.15
NYC,2/20/2015,Feb,11,2,19,30,43,2,69,2015,1939,0,0.11,3.07
NYC,2/21/2015,Feb,23,13,32,30,43,4,68,1896,1930,0.61,0.11,1.86
NYC,2/22/2015,Feb,38,32,43,30,43,8,69,1963,1997,0.1,0.11,2.39
NYC,2/23/2015,Feb,23,8,38,30,43,5,70,1889,1985,0,0.12,1.38
NYC,2/24/2015,Feb,14,4,24,30,44,-4,75,1873,1985,0,0.12,1.69
NYC,2/25/2015,Feb,29,20,37,31,44,1,75,1914,1930,0,0.11,2.11
NYC,2/26/2015,Feb,27,21,32,31,44,7,65,1990,1890,0,0.12,1.87
NYC,2/27/2015,Feb,24,18,30,31,44,5,72,1900,1997,0,0.12,1.56
NYC,2/28/2015,Feb,21,13,29,31,45,5,67,1934,1976,0,0.12,1.21
NYC,3/1/2015,Mar,28,24,31,31,45,5,73,1884,1972,0.52,0.13,2.95
NYC,3/2/2015,Mar,33,27,39,32,45,9,72,1891,1972,0,0.12,2.41
NYC,3/3/2015,Mar,30,22,37,32,45,11,65,2003,1991,0.67,0.12,2.25
NYC,3/4/2015,Mar,40,35,45,32,46,7,70,1943,1974,0.25,0.13,1.65
NYC,3/5/2015,Mar,30,19,40,32,46,3,72,1872,1880,0.76,0.13,1.81
NYC,3/6/2015,Mar,20,12,27,32,46,6,68,1872,1935,0,0.13,2.63
NYC,3/7/2015,Mar,28,18,38,33,47,7,74,1890,1946,0,0.13,1.87
NYC,3/8/2015,Mar,43,37,49,33,47,8,76,1883,1987,0,0.14,1.78
NYC,3/9/2015,Mar,47,40,54,33,47,11,69,1996,2000,0.01,0.13,1.82
NYC,3/10/2015,Mar,46,39,53,33,48,12,74,1929,2006,0.46,0.13,1.62
NYC,3/11/2015,Mar,52,44,59,34,48,14,73,1960,1977,0.01,0.13,2.94
NYC,3/12/2015,Mar,42,36,47,34,48,8,71,1888,1890,0,0.13,2.33
NYC,3/13/2015,Mar,37,31,43,34,49,6,85,1888,1990,0,0.12,3.86
NYC,3/14/2015,Mar,46,40,51,35,49,15,75,1896,1946,0.81,0.14,1.02
NYC,3/15/2015,Mar,40,36,44,35,49,14,77,1993,1990,0,0.14,1.81
NYC,3/16/2015,Mar,44,35,52,35,50,13,82,1911,1990,0,0.14,2.03
NYC,3/17/2015,Mar,46,34,57,35,50,9,75,1916,1945,0.02,0.15,1.42
NYC,3/18/2015,Mar,34,29,39,36,50,7,77,1916,1989,0,0.14,3.1
NYC,3/19/2015,Mar,36,29,43,36,51,8,76,1967,1918,0,0.15,2.19
NYC,3/20/2015,Mar,34,29,38,36,51,11,83,1885,1945,0.4,0.15,1.93
NYC,3/21/2015,Mar,38,29,47,37,51,10,84,1885,1921,0,0.15,2.37
NYC,3/22/2015,Mar,36,28,43,37,52,12,78,1885,2012,0,0.15,3.44
NYC,3/23/2015,Mar,31,23,38,37,52,12,76,1875,1923,0,0.16,1.6
NYC,3/24/2015,Mar,36,26,45,37,52,12,76,1888,1988,0,0.15,2.05
NYC,3/25/2015,Mar,42,34,49,38,53,13,79,1878,1963,0.05,0.15,4.25
NYC,3/26/2015,Mar,52,42,62,38,53,20,76,1960,1922,0.32,0.15,1.42
NYC,3/27/2015,Mar,43,39,46,38,54,20,83,1894,1998,0.27,0.16,1.79
NYC,3/28/2015,Mar,33,26,40,39,54,13,84,1923,1945,0,0.15,2.98
NYC,3/29/2015,Mar,36,25,46,39,54,10,86,1923,1945,0,0.15,2.03
NYC,3/30/2015,Mar,45,36,54,39,55,16,82,1887,1998,0,0.16,2.45
NYC,3/31/2015,Mar,41,35,47,40,55,14,86,1923,1998,0.17,0.15,2.2
NYC,4/1/2015,Apr,42,32,51,40,56,12,83,1923,1917,0,0.16,1.89
NYC,4/2/2015,Apr,54,41,67,40,56,22,81,1919,1967,0,0.16,1.93
NYC,4/3/2015,Apr,62,59,64,41,56,24,81,1954,1981,0.04,0.16,1.9
NYC,4/4/2015,Apr,51,42,60,41,57,21,80,1874,1892,0.01,0.16,1.99
NYC,4/5/2015,Apr,52,42,61,41,57,20,80,1874,1928,0,0.16,2.76
NYC,4/6/2015,Apr,53,42,63,42,58,21,79,1982,1947,0,0.15,2.52
NYC,4/7/2015,Apr,52,42,62,42,58,21,92,1982,2010,0.15,0.16,1.35
NYC,4/8/2015,Apr,41,37,45,42,58,25,90,1982,1991,0,0.15,1.93
NYC,4/9/2015,Apr,40,37,43,43,59,25,86,1977,1991,0,0.16,3.42
NYC,4/10/2015,Apr,48,39,56,43,59,28,86,1997,1922,0.17,0.17,4.31
NYC,4/11/2015,Apr,51,44,57,43,60,24,84,1909,1955,0,0.16,1.1
NYC,4/12/2015,Apr,55,43,66,44,60,22,90,1874,1977,0,0.16,2.12
NYC,4/13/2015,Apr,59,50,68,44,60,25,88,1874,1977,0,0.16,1.26
NYC,4/14/2015,Apr,60,55,65,44,61,26,85,1950,1941,0.01,0.16,2.72
NYC,4/15/2015,Apr,62,51,72,45,61,28,87,1943,1941,0,0.15,7.57
NYC,4/16/2015,Apr,58,52,64,45,62,29,92,1928,2002,0,0.14,3.29
NYC,4/17/2015,Apr,63,55,71,45,62,28,96,1875,2002,0.08,0.15,1.29
NYC,4/18/2015,Apr,70,59,80,46,62,25,96,1875,1976,0,0.14,2.19
NYC,4/19/2015,Apr,56,48,64,46,63,21,92,1875,1976,0,0.15,1.96
NYC,4/20/2015,Apr,52,46,57,46,63,24,90,1897,1927,1.37,0.14,1.96
NYC,4/21/2015,Apr,59,52,65,47,63,26,87,1875,1923,0.2,0.14,2.28
NYC,4/22/2015,Apr,59,48,69,47,64,33,86,1947,2001,0.05,0.14,2.45
NYC,4/23/2015,Apr,47,41,52,47,64,32,86,1930,2007,0,0.14,2.34
NYC,4/24/2015,Apr,46,39,52,48,64,31,87,1930,2001,0,0.14,2.17
NYC,4/25/2015,Apr,50,38,62,48,65,29,91,1919,1915,0,0.14,1.68
NYC,4/26/2015,Apr,55,46,64,48,65,31,92,1919,2009,0,0.14,1.88
NYC,4/27/2015,Apr,56,49,62,48,65,36,92,1932,1915,0,0.14,2.04
NYC,4/28/2015,Apr,61,50,71,49,66,34,90,1934,1990,0,0.15,2.74
NYC,4/29/2015,Apr,64,50,78,49,66,32,89,1874,1974,0,0.14,0.91
NYC,4/30/2015,Apr,58,48,67,49,66,30,91,1875,1942,0,0.13,4.97
NYC,5/1/2015,May,56,49,63,50,67,35,87,1880,2001,0,0.12,2.48
NYC,5/2/2015,May,61,48,74,50,67,37,90,1903,2001,0,0.12,1.1
NYC,5/3/2015,May,66,51,80,50,67,36,90,1874,2001,0,0.13,1.66
NYC,5/4/2015,May,71,57,85,50,68,38,92,1917,2001,0,0.13,2.02
NYC,5/5/2015,May,76,66,85,51,68,34,90,1891,1980,0,0.13,1.55
NYC,5/6/2015,May,66,59,73,51,68,32,92,1891,1986,0,0.13,1.46
NYC,5/7/2015,May,68,56,80,51,68,37,93,1891,2000,0,0.14,3.82
NYC,5/8/2015,May,69,56,82,52,69,37,91,1947,2000,0,0.12,3.02
NYC,5/9/2015,May,64,57,70,52,69,35,94,1947,1979,0,0.13,1.42
NYC,5/10/2015,May,72,61,83,52,69,36,94,1966,1979,0,0.13,2.1
NYC,5/11/2015,May,77,70,84,52,70,36,92,1913,1993,0,0.12,1.67
NYC,5/12/2015,May,75,64,86,53,70,40,93,1907,1881,0,0.13,1.84
NYC,5/13/2015,May,62,53,70,53,70,39,89,1895,1956,0,0.12,1.66
NYC,5/14/2015,May,62,50,73,53,70,40,88,1878,1900,0,0.12,3.38
NYC,5/15/2015,May,65,55,75,54,71,42,90,1947,1900,0,0.13,1.16
NYC,5/16/2015,May,66,57,75,54,71,42,90,1878,1951,0.3,0.13,2.66
NYC,5/17/2015,May,74,64,83,54,71,39,92,1956,1974,0.02,0.13,1.05
NYC,5/18/2015,May,68,60,75,55,71,41,90,1973,1936,0,0.13,2.18
NYC,5/19/2015,May,70,59,80,55,72,38,99,1976,1962,0,0.13,2.02
NYC,5/20/2015,May,61,54,67,55,72,43,96,2002,1996,0,0.14,2.03
NYC,5/21/2015,May,57,52,62,55,72,40,93,1907,1996,0,0.14,1.94
NYC,5/22/2015,May,65,55,74,56,72,44,96,1990,1941,0,0.15,1.25
NYC,5/23/2015,May,60,49,70,56,73,43,94,1963,1964,0,0.15,2.7
NYC,5/24/2015,May,69,56,81,56,73,39,93,1963,1975,0,0.15,2.07
NYC,5/25/2015,May,75,64,85,57,73,41,95,1925,1880,0,0.15,0.86
NYC,5/26/2015,May,78,67,88,57,74,42,95,1967,1880,0,0.15,1.28
NYC,5/27/2015,May,78,70,85,57,74,41,96,1961,1880,0.08,0.14,2.62
NYC,5/28/2015,May,78,70,85,58,74,43,94,1961,1959,0,0.14,1.16
NYC,5/29/2015,May,75,65,85,58,74,43,97,1902,1969,0,0.16,3.99
NYC,5/30/2015,May,76,67,85,58,75,42,97,1884,1987,0,0.15,2.19
NYC,5/31/2015,May,72,57,87,59,75,46,96,1938,1939,1.46,0.15,3.13
NYC,6/1/2015,Jun,55,51,58,59,75,44,96,1945,1895,0.72,0.16,2.6
NYC,6/2/2015,Jun,53,50,55,59,76,48,96,1946,1895,0.37,0.16,2.79
NYC,6/3/2015,Jun,61,52,70,60,76,45,95,1929,1895,0,0.16,3.01
NYC,6/4/2015,Jun,60,54,65,60,76,48,99,1926,1925,0,0.16,2.75
NYC,6/5/2015,Jun,63,55,70,60,76,47,99,1945,1925,0.13,0.16,2.8
NYC,6/6/2015,Jun,68,60,76,61,77,47,98,1945,1925,0.19,0.16,2.62
NYC,6/7/2015,Jun,65,55,74,61,77,47,96,1897,1925,0,0.16,4.16
NYC,6/8/2015,Jun,71,63,79,61,77,47,95,1932,1933,0.06,0.16,1.47
NYC,6/9/2015,Jun,76,68,83,62,78,47,97,1980,1933,0.01,0.16,2.55
NYC,6/10/2015,Jun,74,65,82,62,78,49,96,1972,2008,0,0.16,2.07
NYC,6/11/2015,Jun,81,72,89,62,78,46,95,1972,1973,0,0.16,1.14
NYC,6/12/2015,Jun,81,73,88,63,78,48,93,1979,1973,0,0.16,2.18
NYC,6/13/2015,Jun,79,72,86,63,79,51,96,1953,1961,0,0.16,1.71
NYC,6/14/2015,Jun,77,66,88,63,79,49,99,1875,1956,0.36,0.16,2.54
NYC,6/15/2015,Jun,74,64,83,64,79,48,96,1933,1994,0.57,0.15,1.13
NYC,6/16/2015,Jun,72,65,79,64,80,52,97,1927,1891,0.27,0.15,1.31
NYC,6/17/2015,Jun,74,66,82,64,80,51,96,1926,1957,0,0.16,1.82
NYC,6/18/2015,Jun,68,64,71,65,80,48,95,1950,1929,0,0.14,2.3
NYC,6/19/2015,Jun,78,68,87,65,80,52,98,1920,1994,0,0.14,2.16
NYC,6/20/2015,Jun,70,64,75,65,81,49,98,1914,1923,0,0.13,1.39
NYC,6/21/2015,Jun,80,71,88,65,81,49,97,1897,1988,0.64,0.14,1.7
NYC,6/22/2015,Jun,79,70,87,66,81,52,98,1940,1988,0,0.13,1.96
NYC,6/23/2015,Jun,83,75,90,66,81,49,96,1918,1888,0.02,0.13,1.75
NYC,6/24/2015,Jun,76,68,84,66,82,52,96,1932,1888,0,0.13,1.46
NYC,6/25/2015,Jun,74,65,83,66,82,50,99,1873,1952,0,0.14,1.28
NYC,6/26/2015,Jun,75,69,81,67,82,56,100,1979,1952,0,0.13,4.29
NYC,6/27/2015,Jun,65,58,71,67,82,55,101,1940,1966,1.12,0.12,2.11
NYC,6/28/2015,Jun,68,62,73,67,83,54,96,1995,1991,0.29,0.13,1.69
NYC,6/29/2015,Jun,70,63,76,67,83,52,101,1919,1934,0,0.12,2.57
NYC,6/30/2015,Jun,75,68,82,67,83,53,99,1919,1964,0,0.13,3.07
PHX,7/1/2014,Jul,98,86,109,82,107,65,115,1927,1990,0,0.02,2.68
PHX,7/2/2014,Jul,98,86,109,82,107,65,118,1911,2011,0,0.01,2.81
PHX,7/3/2014,Jul,94,79,108,82,107,64,117,1916,1907,0,0.02,0.22
PHX,7/4/2014,Jul,90,81,98,83,107,63,118,1912,1989,0,0.02,0.22
PHX,7/5/2014,Jul,94,84,103,83,107,63,116,1912,1983,0.01,0.02,0.18
PHX,7/6/2014,Jul,95,84,105,83,107,65,116,1902,1942,0,0.02,0.6
PHX,7/7/2014,Jul,98,88,108,83,107,66,115,1915,1905,0,0.02,0.75
PHX,7/8/2014,Jul,96,86,105,83,107,67,115,1955,1985,0,0.03,0.53
PHX,7/9/2014,Jul,92,83,101,83,107,66,116,1926,1958,0,0.02,0.44
PHX,7/10/2014,Jul,96,87,105,83,107,67,115,1926,1958,0,0.03,0.64
PHX,7/11/2014,Jul,98,88,107,84,107,68,118,1944,1958,0,0.03,0.48
PHX,7/12/2014,Jul,99,88,110,84,107,69,115,1944,2005,0,0.03,1.02
PHX,7/13/2014,Jul,95,80,110,84,107,66,114,1944,1989,0.03,0.03,1.3
PHX,7/14/2014,Jul,92,81,103,84,106,68,116,1962,2003,0.02,0.04,1.24
PHX,7/15/2014,Jul,95,86,103,84,106,66,117,1944,1998,0,0.04,0.72
PHX,7/16/2014,Jul,96,84,107,84,106,68,118,1907,1925,0,0.04,1.48
PHX,7/17/2014,Jul,96,86,105,84,106,65,116,1908,2005,0,0.04,1.31
PHX,7/18/2014,Jul,94,83,105,84,106,68,115,1946,1989,0,0.04,1.04
PHX,7/19/2014,Jul,96,88,104,84,106,68,116,1913,1989,0,0.04,0.8
PHX,7/20/2014,Jul,96,85,106,84,106,67,114,1900,1978,0,0.04,1.7
PHX,7/21/2014,Jul,96,85,107,84,106,65,118,1924,2006,0,0.05,1.54
PHX,7/22/2014,Jul,101,89,113,84,106,66,116,1924,2006,0,0.04,1.15
PHX,7/23/2014,Jul,104,94,114,84,106,69,114,1913,2006,0,0.04,0.41
PHX,7/24/2014,Jul,105,93,116,84,106,68,116,1913,2014,0,0.04,1.66
PHX,7/25/2014,Jul,98,87,109,84,106,67,115,1897,1943,0,0.05,1.1
PHX,7/26/2014,Jul,96,83,108,84,105,65,116,1952,1995,0,0.04,1.38
PHX,7/27/2014,Jul,94,83,104,84,105,65,118,1913,1995,0,0.04,1.23
PHX,7/28/2014,Jul,96,85,107,84,105,66,121,1913,1995,0,0.05,1.9
PHX,7/29/2014,Jul,101,92,110,84,105,68,115,1913,1995,0,0.04,2.05
PHX,7/30/2014,Jul,102,92,111,84,105,66,115,1913,1934,0,0.04,1.16
PHX,7/31/2014,Jul,98,87,109,84,105,70,115,1921,1972,0,0.04,1.33
PHX,8/1/2014,Aug,90,81,99,84,105,68,116,1950,1972,0,0.03,1.48
PHX,8/2/2014,Aug,90,78,102,84,105,70,113,1946,1918,0,0.04,1.09
PHX,8/3/2014,Aug,92,80,103,84,105,66,114,1956,1975,0,0.04,2.12
PHX,8/4/2014,Aug,92,79,105,84,105,68,116,1956,1975,0,0.03,0.78
PHX,8/5/2014,Aug,94,83,105,84,105,69,114,1965,1969,0,0.04,1.16
PHX,8/6/2014,Aug,96,84,108,84,105,68,114,1949,1995,0,0.03,2.01
PHX,8/7/2014,Aug,94,82,105,83,105,66,112,1928,1905,0,0.04,0.87
PHX,8/8/2014,Aug,95,85,105,83,105,67,116,1903,2012,0,0.03,0.58
PHX,8/9/2014,Aug,94,84,104,83,105,70,114,1930,2012,0,0.03,0.45
PHX,8/10/2014,Aug,94,84,104,83,105,68,116,1949,2003,0,0.04,0.32
PHX,8/11/2014,Aug,98,87,109,83,105,65,113,1949,1962,0,0.03,0.54
PHX,8/12/2014,Aug,88,77,98,83,105,64,115,1949,2012,0.44,0.03,0.84
PHX,8/13/2014,Aug,84,73,95,83,105,69,115,1949,2012,0.11,0.04,0.3
PHX,8/14/2014,Aug,93,83,102,83,105,69,113,1925,1988,0,0.03,1.2
PHX,8/15/2014,Aug,94,83,104,83,105,66,112,1968,1992,0,0.03,1.84
PHX,8/16/2014,Aug,97,87,106,83,105,64,113,1918,1992,0,0.03,1.32
PHX,8/17/2014,Aug,99,88,109,83,104,64,114,1949,2013,0,0.03,0.89
PHX,8/18/2014,Aug,91,83,98,83,104,62,112,1918,2011,0,0.03,1.73
PHX,8/19/2014,Aug,83,74,91,83,104,63,113,1918,1986,0.43,0.03,0.78
PHX,8/20/2014,Aug,87,75,98,83,104,58,112,1917,1982,0,0.04,1.59
PHX,8/21/2014,Aug,81,71,90,82,104,62,110,1916,2007,0.19,0.03,0.72
PHX,8/22/2014,Aug,83,72,93,82,104,65,113,1917,2011,0,0.03,0.5
PHX,8/23/2014,Aug,87,76,97,82,104,61,114,1968,2011,0,0.03,0.8
PHX,8/24/2014,Aug,91,79,103,82,104,61,115,1965,1985,0,0.04,1.16
PHX,8/25/2014,Aug,92,83,101,82,104,65,113,1965,2011,0,0.03,0.9
PHX,8/26/2014,Aug,90,80,100,82,104,65,117,1928,2011,0,0.03,0.65
PHX,8/27/2014,Aug,93,83,103,82,104,64,113,1920,1981,0,0.03,2.43
PHX,8/28/2014,Aug,95,83,106,82,104,64,113,1920,1998,0,0.03,0.94
PHX,8/29/2014,Aug,96,83,108,82,104,64,113,1920,1981,0,0.03,0.68
PHX,8/30/2014,Aug,97,83,111,81,104,64,113,1920,2011,0,0.03,0.34
PHX,8/31/2014,Aug,96,83,109,81,104,62,113,1962,1950,0,0.02,0.61
PHX,9/1/2014,Sep,95,81,108,81,104,63,116,1962,1950,0,0.03,1.21
PHX,9/2/2014,Sep,96,82,109,81,103,64,112,1964,1982,0,0.02,1.36
PHX,9/3/2014,Sep,96,84,108,81,103,64,112,1964,1983,0,0.03,0.35
PHX,9/4/2014,Sep,95,83,107,80,103,60,112,1921,1948,0,0.02,2.91
PHX,9/5/2014,Sep,91,80,101,80,103,61,113,1912,1945,0,0.03,2.43
PHX,9/6/2014,Sep,96,86,105,80,103,63,111,1921,1986,0,0.02,0.43
PHX,9/7/2014,Sep,94,84,104,80,102,61,111,1895,1979,0,0.03,0.82
PHX,9/8/2014,Sep,81,71,90,80,102,62,110,1912,1979,3.29,0.02,3.29
PHX,9/9/2014,Sep,86,79,92,79,102,61,110,1920,1974,0,0.03,0.66
PHX,9/10/2014,Sep,88,79,97,79,102,59,111,1912,1990,0,0.02,1.01
PHX,9/11/2014,Sep,90,79,100,79,102,58,112,1912,1990,0,0.02,1.08
PHX,9/12/2014,Sep,91,78,104,78,101,58,110,1920,1971,0,0.02,1.9
PHX,9/13/2014,Sep,92,83,100,78,101,55,109,1952,2000,0,0.02,1.25
PHX,9/14/2014,Sep,92,81,102,78,101,58,112,1915,2000,0,0.02,1.5
PHX,9/15/2014,Sep,96,87,105,77,100,53,110,1915,2000,0,0.02,0.07
PHX,9/16/2014,Sep,86,80,92,77,100,56,109,1906,1928,0.01,0.03,1.33
PHX,9/17/2014,Sep,84,78,89,77,100,56,109,1906,1962,0.14,0.01,1.19
PHX,9/18/2014,Sep,86,76,96,76,99,58,109,1950,2010,0,0.02,1.46
PHX,9/19/2014,Sep,90,82,98,76,99,54,111,1965,2010,0,0.02,1.06
PHX,9/20/2014,Sep,90,81,99,76,99,47,107,1965,2010,0,0.02,0.49
PHX,9/21/2014,Sep,90,80,99,75,98,47,107,1965,2003,0,0.02,0.63
PHX,9/22/2014,Sep,91,80,101,75,98,47,109,1895,1989,0,0.02,0.41
PHX,9/23/2014,Sep,90,77,102,75,98,54,108,1965,1982,0,0.02,0.72
PHX,9/24/2014,Sep,91,77,104,74,97,55,108,1968,2002,0,0.02,0.68
PHX,9/25/2014,Sep,92,81,103,74,97,49,108,1913,1979,0,0.01,0.42
PHX,9/26/2014,Sep,92,82,101,73,96,50,108,1900,1989,0,0.02,2.62
PHX,9/27/2014,Sep,82,69,95,73,96,51,107,1920,2009,1.64,0.02,1.64
PHX,9/28/2014,Sep,79,71,87,72,96,50,108,1923,1992,0.02,0.02,1.31
PHX,9/29/2014,Sep,78,67,89,72,95,52,107,1923,2003,0,0.02,1.66
PHX,9/30/2014,Sep,78,66,89,72,95,49,107,1965,1980,0,0.02,0.31
PHX,10/1/2014,Oct,79,67,91,71,94,49,107,1927,1980,0,0.02,0.73
PHX,10/2/2014,Oct,81,69,92,71,94,49,107,1927,1980,0,0.02,0.6
PHX,10/3/2014,Oct,83,67,99,70,94,49,105,1907,1988,0,0.02,1.29
PHX,10/4/2014,Oct,84,69,99,70,93,46,103,1908,1993,0,0.02,0.91
PHX,10/5/2014,Oct,83,69,96,69,93,46,104,1908,1987,0,0.02,0.6
PHX,10/6/2014,Oct,82,70,93,69,92,46,105,1913,1917,0,0.02,1.17
PHX,10/7/2014,Oct,81,72,90,69,92,44,104,1913,1991,0,0.02,0.3
PHX,10/8/2014,Oct,76,69,82,68,92,47,104,1913,1950,0.05,0.02,1.04
PHX,10/9/2014,Oct,77,70,84,68,91,48,103,1949,1996,0,0.02,0.62
PHX,10/10/2014,Oct,79,69,89,67,91,44,105,1961,1991,0,0.01,0.56
PHX,10/11/2014,Oct,81,70,92,67,91,45,102,1920,1991,0,0.02,0.31
PHX,10/12/2014,Oct,82,70,94,66,90,44,103,1924,1950,0,0.02,0.32
PHX,10/13/2014,Oct,78,65,90,66,90,48,101,1969,1989,0,0.02,0.16
PHX,10/14/2014,Oct,80,65,94,66,89,43,100,1920,1973,0,0.02,2.32
PHX,10/15/2014,Oct,80,69,90,65,89,41,103,1899,1991,0,0.02,0.72
PHX,10/16/2014,Oct,80,67,92,65,89,40,101,1899,1991,0,0.01,0.32
PHX,10/17/2014,Oct,80,71,89,64,88,42,102,1938,2009,0,0.02,0.28
PHX,10/18/2014,Oct,79,68,90,64,88,43,103,1966,2003,0,0.02,0.75
PHX,10/19/2014,Oct,82,69,94,64,87,40,101,1917,2003,0.08,0.02,1.69
PHX,10/20/2014,Oct,78,66,90,63,87,40,103,1949,2003,0,0.02,0.41
PHX,10/21/2014,Oct,80,69,91,63,87,39,103,1949,2003,0,0.02,0.4
PHX,10/22/2014,Oct,80,67,93,62,86,37,102,1906,2003,0,0.02,0.38
PHX,10/23/2014,Oct,81,67,94,62,86,37,100,1906,2003,0,0.01,0.52
PHX,10/24/2014,Oct,82,68,96,62,85,41,96,1920,1959,0,0.02,0.22
PHX,10/25/2014,Oct,83,70,96,61,85,40,96,1956,1990,0,0.02,0.36
PHX,10/26/2014,Oct,80,71,89,61,85,42,98,1920,2001,0,0.02,0.33
PHX,10/27/2014,Oct,80,71,88,60,84,39,98,1918,2001,0,0.02,1.12
PHX,10/28/2014,Oct,77,65,88,60,84,41,97,1908,2007,0,0.01,0.92
PHX,10/29/2014,Oct,78,64,91,60,83,40,95,1971,2007,0,0.02,0.48
PHX,10/30/2014,Oct,79,64,94,59,83,34,94,1971,1990,0,0.02,1
PHX,10/31/2014,Oct,81,67,95,59,83,36,96,1900,1988,0,0.02,1.05
PHX,11/1/2014,Nov,76,69,83,58,82,37,96,1971,1924,0,0.02,1.25
PHX,11/2/2014,Nov,67,60,73,58,82,34,96,1956,1924,0,0.02,0.44
PHX,11/3/2014,Nov,64,53,75,58,81,36,96,1956,2009,0,0.02,0.31
PHX,11/4/2014,Nov,67,53,81,57,81,32,95,1956,2001,0,0.02,0.32
PHX,11/5/2014,Nov,73,60,85,57,80,32,93,1922,2007,0,0.02,0.63
PHX,11/6/2014,Nov,73,60,86,56,80,34,94,1922,2007,0,0.02,0.5
PHX,11/7/2014,Nov,72,59,84,56,79,34,92,1947,2007,0,0.02,0.39
PHX,11/8/2014,Nov,74,58,90,56,79,32,91,1897,1906,0,0.02,0.36
PHX,11/9/2014,Nov,74,61,87,55,79,31,88,1897,1973,0,0.02,0.55
PHX,11/10/2014,Nov,72,59,84,55,78,33,91,1948,2009,0,0.02,2.24
PHX,11/11/2014,Nov,71,58,84,54,78,35,91,1935,1934,0,0.01,1.41
PHX,11/12/2014,Nov,70,60,80,54,77,33,93,1898,1999,0,0.02,1.02
PHX,11/13/2014,Nov,71,61,80,54,77,31,91,1938,1999,0,0.02,0.96
PHX,11/14/2014,Nov,67,61,73,53,76,28,91,1916,1999,0,0.02,1.58
PHX,11/15/2014,Nov,67,57,77,53,76,33,90,1925,1999,0,0.02,0.58
PHX,11/16/2014,Nov,62,53,71,52,75,32,89,1916,1999,0,0.02,0.94
PHX,11/17/2014,Nov,59,47,71,52,75,32,87,1964,2008,0,0.01,0.78
PHX,11/18/2014,Nov,61,47,74,52,74,31,88,1958,2008,0,0.02,0.65
PHX,11/19/2014,Nov,62,50,74,51,74,30,88,1921,1897,0,0.02,0.65
PHX,11/20/2014,Nov,61,48,74,51,73,31,89,1956,2006,0,0.03,1.16
PHX,11/21/2014,Nov,63,53,72,51,73,30,88,1948,1924,0,0.02,0.6
PHX,11/22/2014,Nov,59,46,72,50,72,30,89,1953,1950,0,0.02,1.6
PHX,11/23/2014,Nov,61,48,74,50,72,27,87,1931,1950,0,0.03,0.98
PHX,11/24/2014,Nov,57,42,71,49,72,28,88,1931,1950,0,0.03,0.54
PHX,11/25/2014,Nov,58,46,69,49,71,32,88,1938,1950,0,0.03,0.64
PHX,11/26/2014,Nov,59,44,74,49,71,32,88,1966,1950,0,0.02,1.02
PHX,11/27/2014,Nov,67,47,87,48,70,31,87,1966,2014,0,0.03,1.29
PHX,11/28/2014,Nov,68,52,84,48,70,32,86,1896,1901,0,0.03,0.51
PHX,11/29/2014,Nov,66,51,80,48,70,29,85,1919,1999,0,0.03,0.72
PHX,11/30/2014,Nov,67,53,80,47,69,30,84,1911,1949,0,0.02,1.23
PHX,12/1/2014,Dec,62,51,73,47,69,31,83,1918,1949,0,0.03,0.4
PHX,12/2/2014,Dec,62,54,70,47,68,30,81,1913,1940,0.03,0.02,0.41
PHX,12/3/2014,Dec,68,60,76,47,68,30,81,1934,1940,0.01,0.03,0.69
PHX,12/4/2014,Dec,64,60,68,46,68,28,83,1909,1979,0.61,0.03,0.91
PHX,12/5/2014,Dec,65,57,72,46,68,25,82,1909,1965,0,0.03,0.67
PHX,12/6/2014,Dec,64,57,71,46,67,27,83,1960,1939,0,0.03,0.5
PHX,12/7/2014,Dec,64,51,77,46,67,27,83,1948,1939,0,0.02,1.08
PHX,12/8/2014,Dec,66,55,76,45,67,24,84,1916,1939,0,0.03,1.06
PHX,12/9/2014,Dec,66,54,78,45,67,24,84,1916,1981,0,0.03,0.77
PHX,12/10/2014,Dec,66,54,77,45,66,29,87,1967,1950,0,0.03,1.12
PHX,12/11/2014,Dec,66,56,76,45,66,26,81,1916,1950,0,0.03,0.87
PHX,12/12/2014,Dec,68,57,78,45,66,28,79,1971,2010,0,0.03,0.72
PHX,12/13/2014,Dec,59,51,66,45,66,26,82,1911,2010,0.08,0.03,1.04
PHX,12/14/2014,Dec,55,46,63,45,66,24,78,1901,2010,0,0.03,1.43
PHX,12/15/2014,Dec,55,46,64,44,66,26,79,1916,1952,0,0.03,0.86
PHX,12/16/2014,Dec,57,49,65,44,65,28,86,1931,1980,0,0.03,0.26
PHX,12/17/2014,Dec,56,51,61,44,65,28,82,1927,2013,0.07,0.03,1.35
PHX,12/18/2014,Dec,56,50,62,44,65,29,79,1933,1950,0,0.03,1.02
PHX,12/19/2014,Dec,55,45,64,44,65,25,79,1968,1917,0,0.03,0.98
PHX,12/20/2014,Dec,56,45,66,44,65,24,78,1897,1954,0,0.02,0.28
PHX,12/21/2014,Dec,56,47,65,44,65,27,77,1897,1985,0,0.03,0.52
PHX,12/22/2014,Dec,57,47,66,44,65,23,79,1897,1917,0,0.03,0.96
PHX,12/23/2014,Dec,58,47,68,44,65,26,79,1990,1950,0,0.02,0.83
PHX,12/24/2014,Dec,55,43,66,44,65,25,81,1953,1955,0,0.03,0.93
PHX,12/25/2014,Dec,55,45,64,44,65,27,78,1953,1950,0,0.03,0.63
PHX,12/26/2014,Dec,48,38,57,44,65,22,78,1911,1980,0,0.02,0.56
PHX,12/27/2014,Dec,48,35,60,44,65,24,82,1911,1980,0,0.03,1.05
PHX,12/28/2014,Dec,48,36,60,44,65,24,78,1954,1917,0,0.03,0.79
PHX,12/29/2014,Dec,49,36,61,44,65,26,85,1966,1980,0,0.03,0.47
PHX,12/30/2014,Dec,50,37,63,44,65,23,81,1895,1980,0,0.03,1.5
PHX,12/31/2014,Dec,43,36,50,44,66,22,79,1900,1897,0.11,0.03,0.8
PHX,1/1/2015,Jan,41,35,46,44,66,24,81,1919,1981,0,0.03,0.22
PHX,1/2/2015,Jan,43,31,54,45,66,23,81,1919,1981,0,0.03,0.99
PHX,1/3/2015,Jan,44,34,54,45,66,25,79,1950,1956,0,0.03,0.82
PHX,1/4/2015,Jan,50,35,65,45,66,23,83,1950,1927,0,0.03,0.65
PHX,1/5/2015,Jan,57,40,74,45,66,23,80,1950,1927,0,0.03,0.31
PHX,1/6/2015,Jan,62,44,79,45,66,17,81,1913,2006,0,0.03,0.76
PHX,1/7/2015,Jan,64,47,81,45,66,16,81,1913,2015,0,0.03,0.67
PHX,1/8/2015,Jan,63,54,71,45,66,19,81,1913,2002,0,0.03,1.22
PHX,1/9/2015,Jan,63,51,75,45,66,24,84,1964,1923,0,0.03,1.18
PHX,1/10/2015,Jan,60,54,65,45,67,25,84,1964,1990,0,0.03,1.51
PHX,1/11/2015,Jan,63,54,72,45,67,20,83,1964,1953,0.01,0.03,1.74
PHX,1/12/2015,Jan,62,56,67,45,67,22,80,1962,1996,0.02,0.03,1.04
PHX,1/13/2015,Jan,57,51,63,45,67,20,79,1963,1904,0.11,0.03,0.81
PHX,1/14/2015,Jan,57,46,67,45,67,22,81,1963,2000,0,0.04,0.77
PHX,1/15/2015,Jan,60,47,72,46,67,23,81,1964,2000,0,0.03,0.69
PHX,1/16/2015,Jan,62,49,74,46,67,22,83,1964,1976,0,0.03,1.05
PHX,1/17/2015,Jan,60,47,73,46,67,26,83,1964,1976,0,0.03,1.07
PHX,1/18/2015,Jan,62,48,75,46,68,27,80,1915,1971,0,0.03,0.51
PHX,1/19/2015,Jan,63,50,75,46,68,27,88,1915,1971,0,0.03,0.87
PHX,1/20/2015,Jan,62,48,75,46,68,22,84,1963,1950,0,0.03,0.77
PHX,1/21/2015,Jan,64,53,74,46,68,24,81,1922,2014,0,0.02,1.33
PHX,1/22/2015,Jan,57,48,65,46,68,21,81,1937,2013,0,0.03,0.35
PHX,1/23/2015,Jan,54,43,64,46,68,24,81,1937,2013,0,0.03,0.25
PHX,1/24/2015,Jan,64,50,77,46,68,24,80,1937,1951,0,0.02,0.51
PHX,1/25/2015,Jan,63,48,78,46,68,23,83,1898,1951,0,0.03,0.71
PHX,1/26/2015,Jan,62,53,71,46,68,26,81,1950,1987,0.01,0.03,1.18
PHX,1/27/2015,Jan,64,53,74,47,68,26,82,1950,2003,0,0.03,0.87
PHX,1/28/2015,Jan,64,52,75,47,69,30,83,1937,1971,0,0.02,0.57
PHX,1/29/2015,Jan,65,58,71,47,69,27,83,1948,1935,0.24,0.03,1.45
PHX,1/30/2015,Jan,58,55,60,47,69,28,82,1970,1935,0.35,0.03,1.19
PHX,1/31/2015,Jan,57,53,60,47,69,27,86,1949,2003,0.07,0.03,0.59
PHX,2/1/2015,Feb,60,50,69,47,69,28,83,1985,2003,0,0.03,1.13
PHX,2/2/2015,Feb,61,48,73,47,69,29,82,1922,1925,0,0.03,0.35
PHX,2/3/2015,Feb,63,50,76,47,69,28,86,1922,1925,0,0.03,1.06
PHX,2/4/2015,Feb,65,52,77,47,69,27,85,1955,1963,0,0.02,0.89
PHX,2/5/2015,Feb,67,52,82,47,69,28,87,1964,1963,0,0.03,0.82
PHX,2/6/2015,Feb,69,54,84,48,69,28,87,1955,1963,0,0.03,0.92
PHX,2/7/2015,Feb,67,53,81,48,70,24,89,1899,1963,0,0.03,0.74
PHX,2/8/2015,Feb,69,55,82,48,70,24,86,1933,1970,0,0.03,0.83
PHX,2/9/2015,Feb,69,55,83,48,70,28,84,1933,1987,0,0.03,0.88
PHX,2/10/2015,Feb,70,57,83,48,70,28,87,1939,1951,0,0.03,0.81
PHX,2/11/2015,Feb,68,54,81,48,70,26,83,1933,1951,0,0.03,0.77
PHX,2/12/2015,Feb,68,58,78,48,70,28,84,1965,1971,0,0.02,0.74
PHX,2/13/2015,Feb,68,55,80,48,70,27,88,1948,1957,0,0.03,1.42
PHX,2/14/2015,Feb,69,54,83,49,71,28,85,1966,1957,0,0.04,0.92
PHX,2/15/2015,Feb,71,63,79,49,71,26,86,1949,2014,0,0.03,0.79
PHX,2/16/2015,Feb,67,55,79,49,71,28,84,1964,1977,0,0.03,0.68
PHX,2/17/2015,Feb,66,55,77,49,71,26,88,1910,2014,0,0.04,0.57
PHX,2/18/2015,Feb,65,50,79,49,71,29,86,1964,1977,0,0.03,0.72
PHX,2/19/2015,Feb,66,52,80,49,71,29,88,1955,1977,0,0.04,0.93
PHX,2/20/2015,Feb,67,55,79,50,72,27,87,1955,1977,0,0.04,0.55
PHX,2/21/2015,Feb,67,54,79,50,72,29,86,1955,1982,0,0.04,0.73
PHX,2/22/2015,Feb,64,56,72,50,72,26,87,1955,1982,0,0.04,0.45
PHX,2/23/2015,Feb,65,59,70,50,72,29,89,1955,1989,0.01,0.03,0.94
PHX,2/24/2015,Feb,59,51,67,50,72,29,91,1964,1904,0,0.04,1.46
PHX,2/25/2015,Feb,60,47,72,50,72,29,92,1960,1921,0,0.04,0.81
PHX,2/26/2015,Feb,64,51,77,51,73,33,91,1919,1986,0,0.04,0.62
PHX,2/27/2015,Feb,64,50,78,51,73,28,92,1964,1986,0,0.03,0.57
PHX,2/28/2015,Feb,65,60,70,51,73,30,89,1962,1986,0,0.04,0.75
PHX,3/1/2015,Mar,69,61,77,51,73,31,89,1964,1986,0,0.04,0.94
PHX,3/2/2015,Mar,59,52,66,51,74,30,90,1971,1921,0.23,0.04,0.74
PHX,3/3/2015,Mar,56,47,65,51,74,28,91,1966,1921,0.07,0.04,1.98
PHX,3/4/2015,Mar,59,47,70,52,74,25,88,1966,1972,0,0.04,1.16
PHX,3/5/2015,Mar,61,46,75,52,74,31,93,1966,1972,0,0.03,0.97
PHX,3/6/2015,Mar,67,51,83,52,74,34,92,1967,1972,0,0.04,1.53
PHX,3/7/2015,Mar,69,55,83,52,75,34,91,1931,1972,0,0.04,0.71
PHX,3/8/2015,Mar,69,55,83,52,75,32,92,1969,1989,0,0.03,0.84
PHX,3/9/2015,Mar,70,56,84,52,75,29,94,1964,1972,0,0.04,0.98
PHX,3/10/2015,Mar,73,58,87,53,75,34,95,1964,1972,0,0.04,0.52
PHX,3/11/2015,Mar,73,59,87,53,76,33,94,1899,1900,0,0.03,1.4
PHX,3/12/2015,Mar,77,68,86,53,76,34,94,1909,1900,0,0.04,1.1
PHX,3/13/2015,Mar,74,60,88,53,76,32,92,1954,1972,0,0.04,0.51
PHX,3/14/2015,Mar,76,63,88,53,76,33,95,1969,2013,0,0.03,1.07
PHX,3/15/2015,Mar,76,63,89,53,77,31,92,1962,2007,0,0.04,0.79
PHX,3/16/2015,Mar,78,65,90,54,77,34,99,1917,2007,0,0.04,1.14
PHX,3/17/2015,Mar,78,64,91,54,77,31,99,1917,2007,0,0.03,0.54
PHX,3/18/2015,Mar,72,62,81,54,77,36,94,1954,2007,0.02,0.03,0.25
PHX,3/19/2015,Mar,65,60,70,54,78,34,92,1898,2004,0.01,0.04,0.54
PHX,3/20/2015,Mar,71,61,81,54,78,35,95,1898,2004,0,0.03,0.86
PHX,3/21/2015,Mar,73,60,85,54,78,35,97,1955,2004,0,0.02,0.27
PHX,3/22/2015,Mar,75,60,89,55,78,32,94,1897,1990,0,0.03,0.81
PHX,3/23/2015,Mar,75,61,88,55,79,31,93,1897,1990,0,0.03,0.52
PHX,3/24/2015,Mar,73,59,86,55,79,36,94,1949,1990,0,0.03,0.4
PHX,3/25/2015,Mar,75,62,88,55,79,34,93,1929,1990,0,0.02,0.64
PHX,3/26/2015,Mar,77,64,89,55,79,35,100,1913,1988,0,0.03,1.19
PHX,3/27/2015,Mar,79,63,95,55,80,33,98,1898,1986,0,0.02,0.65
PHX,3/28/2015,Mar,80,64,95,56,80,34,95,1898,1986,0,0.02,0.91
PHX,3/29/2015,Mar,81,65,97,56,80,36,97,1907,2015,0,0.02,0.42
PHX,3/30/2015,Mar,83,70,96,56,81,38,97,1898,2004,0,0.02,0.14
PHX,3/31/2015,Mar,82,68,95,56,81,32,95,1897,2015,0,0.02,0.27
PHX,4/1/2015,Apr,79,67,91,56,81,37,100,1904,2011,0,0.02,0.46
PHX,4/2/2015,Apr,76,64,87,57,81,37,98,1917,1943,0,0.01,0.68
PHX,4/3/2015,Apr,73,60,86,57,82,38,97,1906,1943,0,0.02,0.69
PHX,4/4/2015,Apr,76,62,89,57,82,39,98,1955,1961,0,0.02,0.43
PHX,4/5/2015,Apr,75,61,89,57,82,37,98,1921,1989,0,0.01,1.3
PHX,4/6/2015,Apr,74,61,86,57,82,38,102,1909,1989,0,0.02,0.56
PHX,4/7/2015,Apr,71,58,84,58,83,38,104,1922,1989,0,0.02,0.19
PHX,4/8/2015,Apr,70,61,78,58,83,39,104,1929,1989,0,0.01,0.99
PHX,4/9/2015,Apr,69,54,83,58,83,40,102,1953,1989,0,0.02,0.36
PHX,4/10/2015,Apr,72,57,87,58,84,35,100,1922,1989,0,0.01,0.83
PHX,4/11/2015,Apr,73,60,86,59,84,39,98,1979,1989,0,0.01,1.05
PHX,4/12/2015,Apr,76,65,86,59,84,40,99,1967,1936,0,0.01,0.27
PHX,4/13/2015,Apr,77,63,90,59,84,39,99,1927,1962,0,0.01,0.16
PHX,4/14/2015,Apr,81,67,94,60,85,40,103,1945,1925,0,0.01,0.38
PHX,4/15/2015,Apr,75,65,84,60,85,40,101,1970,1962,0,0,0.3
PHX,4/16/2015,Apr,66,56,75,60,85,40,101,1924,1984,0,0.01,0.67
PHX,4/17/2015,Apr,69,55,82,61,86,38,100,1924,1987,0,0.01,0.45
PHX,4/18/2015,Apr,75,59,90,61,86,38,100,1896,1962,0,0,0.21
PHX,4/19/2015,Apr,77,62,92,61,86,37,103,1968,1989,0,0.01,0.82
PHX,4/20/2015,Apr,79,65,93,61,87,38,105,1933,1989,0,0.01,0.41
PHX,4/21/2015,Apr,78,65,91,62,87,42,103,1967,1989,0,0,0.44
PHX,4/22/2015,Apr,77,65,89,62,87,39,105,1904,2012,0,0.01,0.9
PHX,4/23/2015,Apr,73,62,83,62,87,40,103,1923,2012,0,0,0.57
PHX,4/24/2015,Apr,70,62,78,63,88,41,99,1923,1987,0.02,0,0.17
PHX,4/25/2015,Apr,69,56,81,63,88,41,102,1964,1898,0.02,0.01,0.33
PHX,4/26/2015,Apr,65,54,75,63,88,42,101,1964,1992,0.14,0,0.2
PHX,4/27/2015,Apr,72,57,87,64,89,45,104,1963,1992,0,0.01,0.34
PHX,4/28/2015,Apr,81,68,93,64,89,45,104,1896,1992,0,0,0.65
PHX,4/29/2015,Apr,84,71,96,64,89,43,105,1970,1992,0,0.01,0.22
PHX,4/30/2015,Apr,85,70,99,65,90,39,102,1967,1943,0,0,0.17
PHX,5/1/2015,May,86,70,101,65,90,42,103,1915,1985,0,0,0.27
PHX,5/2/2015,May,85,72,98,65,90,40,107,1967,1947,0,0.01,0.47
PHX,5/3/2015,May,86,75,96,66,91,39,109,1899,1947,0,0,0.09
PHX,5/4/2015,May,75,65,85,66,91,45,106,1899,1947,0.24,0.01,0.91
PHX,5/5/2015,May,77,67,86,66,91,45,105,1964,1989,0,0,0.46
PHX,5/6/2015,May,80,69,90,67,92,44,105,1964,1947,0,0,0.12
PHX,5/7/2015,May,76,65,86,67,92,45,108,1896,1989,0,0.01,0.15
PHX,5/8/2015,May,68,61,75,67,92,40,110,1965,1989,0,0,0.12
PHX,5/9/2015,May,67,57,77,68,93,45,108,1950,1934,0,0,0.46
PHX,5/10/2015,May,75,61,89,68,93,46,111,1930,1934,0,0.01,0.78
PHX,5/11/2015,May,82,67,96,68,93,43,110,1905,1934,0,0,0.17
PHX,5/12/2015,May,81,70,91,68,94,48,109,1905,1996,0,0.01,0.22
PHX,5/13/2015,May,80,69,91,69,94,48,108,1962,1978,0,0,0.08
PHX,5/14/2015,May,79,70,87,69,94,50,107,1907,1927,0,0,0.21
PHX,5/15/2015,May,67,57,76,69,95,50,107,1968,1937,0.93,0.01,0.93
PHX,5/16/2015,May,66,57,75,70,95,49,106,1955,1997,0,0,0.08
PHX,5/17/2015,May,75,64,86,70,95,49,108,1943,1970,0,0.01,0.09
PHX,5/18/2015,May,78,65,90,70,95,44,107,1903,1970,0,0,0.06
PHX,5/19/2015,May,76,65,87,70,96,48,110,1903,2008,0,0,0.23
PHX,5/20/2015,May,80,67,93,71,96,49,108,1902,2008,0,0.01,0.73
PHX,5/21/2015,May,82,72,91,71,96,48,109,1902,2005,0,0,0.42
PHX,5/22/2015,May,74,66,82,71,97,48,109,1962,2000,0,0,0.28
PHX,5/23/2015,May,74,64,83,71,97,49,109,1965,2001,0,0.01,0.12
PHX,5/24/2015,May,76,66,85,72,97,52,109,1944,1983,0,0,0.34
PHX,5/25/2015,May,80,67,92,72,98,48,108,1965,2001,0,0,0.05
PHX,5/26/2015,May,84,71,96,72,98,48,112,1916,1951,0,0.01,0.14
PHX,5/27/2015,May,85,73,97,72,98,48,111,1917,1951,0,0,0.05
PHX,5/28/2015,May,85,71,98,73,99,53,113,1929,1983,0,0,0.27
PHX,5/29/2015,May,88,73,103,73,99,50,112,1918,1910,0,0,0.08
PHX,5/30/2015,May,90,74,105,73,99,51,114,1918,1910,0,0.01,0.01
PHX,5/31/2015,May,93,78,107,73,100,54,109,1918,2001,0,0,0.1
PHX,6/1/2015,Jun,92,78,105,74,100,50,111,1917,2012,0,0,0.02
PHX,6/2/2015,Jun,90,76,104,74,100,53,110,1917,1977,0,0,0.14
PHX,6/3/2015,Jun,88,74,102,74,101,51,112,1965,2006,0,0,0.41
PHX,6/4/2015,Jun,85,73,97,75,101,49,113,1908,1990,0,0,0.16
PHX,6/5/2015,Jun,81,72,90,75,101,55,112,1932,1990,0.16,0,0.16
PHX,6/6/2015,Jun,85,73,97,75,102,58,110,1967,2002,0.03,0,0.11
PHX,6/7/2015,Jun,86,71,100,75,102,56,115,1963,1985,0,0,0.06
PHX,6/8/2015,Jun,92,78,105,76,102,55,115,1950,1985,0,0,0.15
PHX,6/9/2015,Jun,89,83,95,76,103,54,114,1907,1985,0,0,0.07
PHX,6/10/2015,Jun,88,80,95,76,103,55,111,1965,1978,0,0,0.26
PHX,6/11/2015,Jun,91,82,100,76,103,55,114,1913,1918,0,0,0.02
PHX,6/12/2015,Jun,91,78,104,77,103,59,112,1913,1974,0,0,0.92
PHX,6/13/2015,Jun,93,80,105,77,104,59,114,1917,1936,0,0,0.04
PHX,6/14/2015,Jun,95,83,107,77,104,56,115,1922,1974,0,0,0.02
PHX,6/15/2015,Jun,99,86,112,78,104,54,115,1907,1974,0,0,0.08
PHX,6/16/2015,Jun,99,85,112,78,104,54,115,1907,1974,0,0,0.01
PHX,6/17/2015,Jun,100,86,114,78,105,54,114,1965,1896,0,0,0.19
PHX,6/18/2015,Jun,101,86,115,78,105,54,115,1921,1989,0,0.01,0.25
PHX,6/19/2015,Jun,100,85,114,79,105,61,115,1965,1968,0,0,0.19
PHX,6/20/2015,Jun,96,80,112,79,105,61,115,1964,1968,0,0,0.15
PHX,6/21/2015,Jun,99,88,109,79,105,57,115,1923,1968,0,0,0.27
PHX,6/22/2015,Jun,97,85,109,80,106,56,116,1965,1988,0,0,1.37
PHX,6/23/2015,Jun,99,87,111,80,106,61,116,1923,1974,0,0,0.84
PHX,6/24/2015,Jun,100,87,112,80,106,62,118,1945,1929,0,0,0.26
PHX,6/25/2015,Jun,100,90,110,80,106,60,120,1965,1990,0,0,0.34
PHX,6/26/2015,Jun,98,89,107,81,106,62,122,1963,1990,0,0,0.07
PHX,6/27/2015,Jun,99,90,108,81,106,55,118,1965,1990,0.01,0,0.04
PHX,6/28/2015,Jun,99,87,110,81,106,59,118,1965,1990,0,0.01,0.26
PHX,6/29/2015,Jun,98,86,110,81,107,59,119,1913,2013,0.05,0,0.09
PHX,6/30/2015,Jun,96,85,107,82,107,64,115,1913,1950,0,0,0.21
